{
    "axeon": {
        "sounds": [
            "suit/axeon"
        ],
        "category": "player"
    },
    "axeoff": {
        "sounds": [
            "suit/axeoff"
        ],
        "category": "player"
    },
    "neutronbeam": {
        "sounds": [
            "suit/neutronbeam"
        ],
        "category": "player"
    },
    "ramielbeam": {
        "sounds": [
            "suit/ramielbeam"
        ],
        "category": "player"
    },
    "ramielcharge": {
        "sounds": [
            "suit/ramielcharge"
        ],
        "category": "player"
    },
    "head": {
        "sounds": [
            "suit/head"
        ],
        "category": "player"
    },
    "jetbeam": {
        "sounds": [
            "suit/jetbeam1"
        ],
        "category": "player"
    },
    "jetcharge": {
        "sounds": [
            "suit/jetcharge1"
        ],
        "category": "player"
    },
    "jetgrow": {
        "sounds": [
            "suit/jetgrow1"
        ],
        "category": "player"
    },
    "jetshrink": {
        "sounds": [
            "suit/jetshrink1"
        ],
        "category": "player"
    },
    "jetbeamend": {
        "sounds": [
            "suit/jetbeamend1"
        ],
        "category": "player"
    },
    "jetroar": {
        "sounds": [
            "suit/jetroar1"
        ],
        "category": "player"
    }
    
}