{
    "axeon": {
        "sounds": [
            "suit/axeon"
        ],
        "category": "player"
    },
    "axeoff": {
        "sounds": [
            "suit/axeoff"
        ],
        "category": "player"
    },
    "neutronbeam": {
        "sounds": [
            "suit/neutronbeam"
        ],
        "category": "player"
    },
    "ramielbeam": {
        "sounds": [
            "suit/ramielbeam"
        ],
        "category": "player"
    },
    "ramielcharge": {
        "sounds": [
            "suit/ramielcharge"
        ],
        "category": "player"
    },
    "head": {
        "sounds": [
            "suit/head"
        ],
        "category": "player"
    },
    "jetbeam": {
        "sounds": [
            "suit/head"
        ],
        "category": "player"
    },
    "jetcharge": {
        "sounds": [
            "suit/head"
        ],
        "category": "player"
    },
    "jetgrow": {
        "sounds": [
            "suit/head"
        ],
        "category": "player"
    },
    "jetshrink": {
        "sounds": [
            "suit/head"
        ],
        "category": "player"
    }
    
}